[
  {
    "id": 1,
    "materia": "Sociologia",
    "nivel": 1,
    "pergunta": "Qual dos seguintes pensadores é considerado um dos pais da Sociologia?",
    "alternativas": [
      "Platão",
      "Aristóteles",
      "Auguste Comte",
      "René Descartes",
      "Isaac Newton"
    ],
    "respostaCorreta": "Auguste Comte"
  },
  {
    "id": 2,
    "materia": "Sociologia",
    "nivel": 1,
    "pergunta": "O que estuda a Sociologia?",
    "alternativas": [
      "A vida das plantas",
      "As rochas",
      "As relações sociais e as estruturas da sociedade",
      "Os números e suas propriedades",
      "Os astros"
    ],
    "respostaCorreta": "As relações sociais e as estruturas da sociedade"
  },
  {
    "id": 3,
    "materia": "Sociologia",
    "nivel": 2,
    "pergunta": "Qual o conceito que descreve o processo de internalização das normas e valores de uma sociedade pelos indivíduos?",
    "alternativas": [
      "Anomia",
      "Alienação",
      "Socialização",
      "Burocracia",
      "Estruturalismo"
    ],
    "respostaCorreta": "Socialização"
  },
  {
    "id": 4,
    "materia": "Sociologia",
    "nivel": 3,
    "pergunta": "Para Karl Marx, qual o principal motor da história?",
    "alternativas": [
      "A religião",
      "A luta de classes",
      "A ciência",
      "A moral",
      "O individualismo"
    ],
    "respostaCorreta": "A luta de classes"
  },
  {
    "id": 5,
    "materia": "Sociologia",
    "nivel": 4,
    "pergunta": "A ideia de 'fato social' é central na obra de qual sociólogo?",
    "alternativas": [
      "Max Weber",
      "Émile Durkheim",
      "Pierre Bourdieu",
      "Michel Foucault",
      "Georg Simmel"
    ],
    "respostaCorreta": "Émile Durkheim"
  },
  {
    "id": 6,
    "materia": "Sociologia",
    "nivel": 5,
    "pergunta": "Analise a contribuição de Max Weber para a compreensão da racionalização no mundo moderno.",
    "alternativas": [
      "Weber defendeu que a racionalização levou à liberdade individual e à emancipação.",
      "Weber argumentou que a racionalização é um processo irreversível que culmina na 'jaula de ferro', aprisionando os indivíduos.",
      "Weber acreditava que a racionalização era um fenômeno positivo, que eliminaria todas as desigualdades sociais.",
      "Weber focou na racionalização como um processo exclusivo das sociedades comunistas.",
      "Weber associou a racionalização apenas ao desenvolvimento tecnológico, sem impacto nas relações sociais."
    ],
    "respostaCorreta": "Weber argumentou que a racionalização é um processo irreversível que culmina na 'jaula de ferro', aprisionando os indivíduos."
  },
  {
    "id": 7,
    "materia": "Sociologia",
    "nivel": 1,
    "pergunta": "O que são 'relações sociais' em Sociologia?",
    "alternativas": [
      "A interação entre seres humanos na sociedade.",
      "A relação entre animais em um ecossistema.",
      "A forma como as plantas se comunicam.",
      "A interação de átomos e moléculas.",
      "A relação entre computadores e usuários."
    ],
    "respostaCorreta": "A interação entre seres humanos na sociedade."
  },
  {
    "id": 8,
    "materia": "Sociologia",
    "nivel": 1,
    "pergunta": "Qual o objeto de estudo da Sociologia?",
    "alternativas": [
      "Fenômenos naturais",
      "Comportamento individual",
      "A sociedade e suas estruturas",
      "A mente humana",
      "A história antiga"
    ],
    "respostaCorreta": "A sociedade e suas estruturas"
  },
  {
    "id": 9,
    "materia": "Sociologia",
    "nivel": 1,
    "pergunta": "Quem é considerado o 'pai da Sociologia'?",
    "alternativas": [
      "Karl Marx",
      "Max Weber",
      "Émile Durkheim",
      "Auguste Comte",
      "Platão"
    ],
    "respostaCorreta": "Auguste Comte"
  },
  {
    "id": 10,
    "materia": "Sociologia",
    "nivel": 1,
    "pergunta": "O que significa 'cultura' para a Sociologia?",
    "alternativas": [
      "Apenas artes visuais",
      "O conjunto de valores, costumes e práticas de um grupo social.",
      "O estudo de fósseis",
      "A prática da agricultura",
      "O clima de uma região"
    ],
    "respostaCorreta": "O conjunto de valores, costumes e práticas de um grupo social."
  },
  {
    "id": 11,
    "materia": "Sociologia",
    "nivel": 1,
    "pergunta": "O que é 'indivíduo' na Sociologia?",
    "alternativas": [
      "Apenas o ser biológico.",
      "Um ser isolado da sociedade.",
      "Um membro de uma sociedade, influenciado e influenciador dela.",
      "Um ser que não interage com ninguém.",
      "Um ser irracional."
    ],
    "respostaCorreta": "Um membro de uma sociedade, influenciado e influenciador dela."
  },
  {
    "id": 12,
    "materia": "Sociologia",
    "nivel": 1,
    "pergunta": "Qual o papel das 'instituições sociais' (família, escola, etc.)?",
    "alternativas": [
      "Causar desordem na sociedade.",
      "Organizar e regular a vida em sociedade.",
      "Apenas divertir as pessoas.",
      "Restringir a liberdade individual sem propósito.",
      "Promover o caos social."
    ],
    "respostaCorreta": "Organizar e regular a vida em sociedade."
  },
  {
    "id": 13,
    "materia": "Sociologia",
    "nivel": 1,
    "pergunta": "A Sociologia é uma ciência que estuda:",
    "alternativas": [
      "Cometas e estrelas.",
      "O passado remoto da humanidade.",
      "Os fenômenos sociais e suas relações.",
      "A anatomia do corpo humano.",
      "A linguagem das plantas."
    ],
    "respostaCorreta": "Os fenômenos sociais e suas relações."
  },
  {
    "id": 14,
    "materia": "Sociologia",
    "nivel": 1,
    "pergunta": "O que é 'sociedade'?",
    "alternativas": [
      "Um grupo de pessoas que vivem isoladas.",
      "Uma coleção aleatória de indivíduos.",
      "Um conjunto de pessoas que interagem e compartilham uma cultura e instituições.",
      "Um agrupamento de animais selvagens.",
      "Um sistema de computadores conectados."
    ],
    "respostaCorreta": "Um conjunto de pessoas que interagem e compartilham uma cultura e instituições."
  },
  {
    "id": 15,
    "materia": "Sociologia",
    "nivel": 1,
    "pergunta": "Qual a importância da 'observação' na Sociologia?",
    "alternativas": [
      "Apenas para fins de entretenimento.",
      "Coletar dados sobre os fenômenos sociais.",
      "Ignorar o comportamento humano.",
      "Adivinhar as causas dos problemas sociais.",
      "Manipular as pessoas."
    ],
    "respostaCorreta": "Coletar dados sobre os fenômenos sociais."
  },
  {
    "id": 16,
    "materia": "Sociologia",
    "nivel": 1,
    "pergunta": "A Sociologia surgiu para tentar compreender as transformações decorrentes de qual evento histórico?",
    "alternativas": [
      "Revolução Agrícola",
      "Revolução Científica",
      "Revolução Francesa e Revolução Industrial",
      "Descoberta da América",
      "Guerras Mundiais"
    ],
    "respostaCorreta": "Revolução Francesa e Revolução Industrial"
  },
  {
    "id": 17,
    "materia": "Sociologia",
    "nivel": 2,
    "pergunta": "O conceito de 'fato social' de Émile Durkheim refere-se a:",
    "alternativas": [
      "Ações individuais e subjetivas.",
      "Fenômenos externos aos indivíduos, coercitivos e gerais.",
      "Eventos psicológicos internos.",
      "Acontecimentos biológicos.",
      "Comportamentos aleatórios."
    ],
    "respostaCorreta": "Fenômenos externos aos indivíduos, coercitivos e gerais."
  },
  {
    "id": 18,
    "materia": "Sociologia",
    "nivel": 2,
    "pergunta": "Para Karl Marx, qual a principal divisão social nas sociedades capitalistas?",
    "alternativas": [
      "Homens e mulheres.",
      "Adultos e crianças.",
      "Burguesia e Proletariado.",
      "Ricos e pobres (sem análise de classes).",
      "Governo e cidadãos."
    ],
    "respostaCorreta": "Burguesia e Proletariado."
  },
  {
    "id": 19,
    "materia": "Sociologia",
    "nivel": 2,
    "pergunta": "Qual o significado de 'socialização' em Sociologia?",
    "alternativas": [
      "Tornar-se mais sociável.",
      "O processo de aprender e internalizar as normas e valores de uma sociedade.",
      "Participar de eventos sociais.",
      "Fazer amizades.",
      "Aumentar o número de seguidores em redes sociais."
    ],
    "respostaCorreta": "O processo de aprender e internalizar as normas e valores de uma sociedade."
  },
  {
    "id": 20,
    "materia": "Sociologia",
    "nivel": 2,
    "pergunta": "Max Weber introduziu o conceito de 'ação social'. O que ele destaca?",
    "alternativas": [
      "Apenas as ações de protesto.",
      "Ações sem nenhum sentido para o indivíduo.",
      "Ações que os indivíduos atribuem um sentido ou significado subjetivo.",
      "Ações puramente instintivas.",
      "Ações que são sempre racionais."
    ],
    "respostaCorreta": "Ações que os indivíduos atribuem um sentido ou significado subjetivo."
  },
  {
    "id": 21,
    "materia": "Sociologia",
    "nivel": 2,
    "pergunta": "O que é 'estratificação social'?",
    "alternativas": [
      "A criação de camadas geológicas.",
      "A divisão da sociedade em diferentes camadas ou hierarquias sociais.",
      "O estudo de rochas.",
      "O processo de construir edifícios em camadas.",
      "A formação de nuvens."
    ],
    "respostaCorreta": "A divisão da sociedade em diferentes camadas ou hierarquias sociais."
  },
  {
    "id": 22,
    "materia": "Sociologia",
    "nivel": 2,
    "pergunta": "Qual a principal preocupação da Sociologia funcionalista?",
    "alternativas": [
      "A luta de classes.",
      "A interpretação dos significados individuais.",
      "Como as partes da sociedade contribuem para a estabilidade e funcionamento do todo.",
      "O poder nas relações sociais.",
      "A fragmentação social."
    ],
    "respostaCorreta": "Como as partes da sociedade contribuem para a estabilidade e funcionamento do todo."
  },
  {
    "id": 23,
    "materia": "Sociologia",
    "nivel": 2,
    "pergunta": "A 'anomia' em Durkheim refere-se a:",
    "alternativas": [
      "Um estado de organização perfeita da sociedade.",
      "A ausência ou enfraquecimento das normas sociais.",
      "A presença excessiva de leis.",
      "Um tipo de doença mental.",
      "A harmonia entre os indivíduos."
    ],
    "respostaCorreta": "A ausência ou enfraquecimento das normas sociais."
  },
  {
    "id": 24,
    "materia": "Sociologia",
    "nivel": 2,
    "pergunta": "O que se entende por 'papel social'?",
    "alternativas": [
      "A função de um ator em uma peça de teatro.",
      "O conjunto de comportamentos esperados de um indivíduo em uma determinada posição social.",
      "O documento de identidade de uma pessoa.",
      "Um material usado para escrita.",
      "A habilidade de uma pessoa em se adaptar."
    ],
    "respostaCorreta": "O conjunto de comportamentos esperados de um indivíduo em uma determinada posição social."
  },
  {
    "id": 25,
    "materia": "Sociologia",
    "nivel": 2,
    "pergunta": "Para Karl Marx, qual o conceito central para entender a exploração no capitalismo?",
    "alternativas": [
      "Solidariedade mecânica",
      "Racionalização",
      "Mais-valia",
      "Fato social",
      "Ação racional com relação a fins"
    ],
    "respostaCorreta": "Mais-valia"
  },
  {
    "id": 26,
    "materia": "Sociologia",
    "nivel": 2,
    "pergunta": "O que é 'grupo social'?",
    "alternativas": [
      "Qualquer reunião de pessoas.",
      "Duas ou mais pessoas que interagem regularmente e compartilham uma identidade.",
      "Pessoas que vivem no mesmo bairro.",
      "Um conjunto de indivíduos sem conexão.",
      "Uma fila de pessoas em um banco."
    ],
    "respostaCorreta": "Duas ou mais pessoas que interagem regularmente e compartilham uma identidade."
  },
  {
    "id": 27,
    "materia": "Sociologia",
    "nivel": 3,
    "pergunta": "A 'divisão do trabalho social' em Durkheim pode levar a qual tipo de solidariedade?",
    "alternativas": [
      "Solidariedade mecânica (predominante em sociedades simples).",
      "Solidariedade orgânica (predominante em sociedades complexas).",
      "Solidariedade artificial.",
      "Solidariedade cultural.",
      "Solidariedade econômica."
    ],
    "respostaCorreta": "Solidariedade orgânica (predominante em sociedades complexas)."
  },
  {
    "id": 28,
    "materia": "Sociologia",
    "nivel": 3,
    "pergunta": "De acordo com Max Weber, a 'racionalização' é um processo fundamental da modernidade. Qual sua principal característica?",
    "alternativas": [
      "O aumento da irracionalidade.",
      "A substituição de valores tradicionais por cálculo e eficiência.",
      "A diminuição da burocracia.",
      "O fortalecimento da religião.",
      "O retorno às tradições antigas."
    ],
    "respostaCorreta": "A substituição de valores tradicionais por cálculo e eficiência."
  },
  {
    "id": 29,
    "materia": "Sociologia",
    "nivel": 3,
    "pergunta": "Qual o principal método de análise de Karl Marx para entender a sociedade?",
    "alternativas": [
      "O funcionalismo.",
      "O individualismo metodológico.",
      "O materialismo histórico dialético.",
      "O positivismo.",
      "A teoria do consenso."
    ],
    "respostaCorreta": "O materialismo histórico dialético."
  },
  {
    "id": 30,
    "materia": "Sociologia",
    "nivel": 3,
    "pergunta": "O que é 'ideologia' na perspectiva marxista?",
    "alternativas": [
      "Qualquer sistema de ideias.",
      "Um conjunto de ideias que justifica e legitima a dominação de uma classe sobre outra.",
      "O estudo das ideias políticas.",
      "Conhecimento científico puro.",
      "Apenas conceitos filosóficos."
    ],
    "respostaCorreta": "Um conjunto de ideias que justifica e legitima a dominação de uma classe sobre outra."
  },
  {
    "id": 31,
    "materia": "Sociologia",
    "nivel": 3,
    "pergunta": "Qual o significado de 'desvio social'?",
    "alternativas": [
      "Um caminho diferente na estrada.",
      "Qualquer comportamento que se afasta das normas sociais estabelecidas.",
      "Uma mudança de rota.",
      "Um erro de cálculo.",
      "Um atalho."
    ],
    "respostaCorreta": "Qualquer comportamento que se afasta das normas sociais estabelecidas."
  },
  {
    "id": 32,
    "materia": "Sociologia",
    "nivel": 3,
    "pergunta": "A 'ação social tradicional' em Weber é motivada por:",
    "alternativas": [
      "Cálculo de custos e benefícios.",
      "Valores morais e religiosos.",
      "Crenças e costumes arraigados.",
      "Emoções e afetos.",
      "Objetivos racionais."
    ],
    "respostaCorreta": "Crenças e costumes arraigados."
  },
  {
    "id": 33,
    "materia": "Sociologia",
    "nivel": 3,
    "pergunta": "Para Durkheim, qual o papel da 'consciência coletiva'?",
    "alternativas": [
      "Apenas impor sanções.",
      "Garantir a coesão social e a solidariedade, expressando os valores e crenças comuns da sociedade.",
      "Promover a anomia.",
      "Estimular o individualismo.",
      "Criar conflitos sociais."
    ],
    "respostaCorreta": "Garantir a coesão social e a solidariedade, expressando os valores e crenças comuns da sociedade."
  },
  {
    "id": 34,
    "materia": "Sociologia",
    "nivel": 3,
    "pergunta": "O que caracteriza a 'classe social' na perspectiva de Karl Marx?",
    "alternativas": [
      "O status social e o prestígio.",
      "A renda individual e o nível de educação.",
      "A posição em relação aos meios de produção e a relação com o trabalho assalariado.",
      "A religião e a etnia.",
      "A profissão e o local de moradia."
    ],
    "respostaCorreta": "A posição em relação aos meios de produção e a relação com o trabalho assalariado."
  },
  {
    "id": 35,
    "materia": "Sociologia",
    "nivel": 3,
    "pergunta": "A Sociologia é uma ciência que se preocupa em analisar e interpretar os fenômenos sociais, utilizando para isso:",
    "alternativas": [
      "Apenas o senso comum.",
      "Métodos científicos e rigorosos.",
      "Intuição e adivinhação.",
      "Opiniões pessoais e preconceitos.",
      "Mitos e lendas."
    ],
    "respostaCorreta": "Métodos científicos e rigorosos."
  },
  {
    "id": 36,
    "materia": "Sociologia",
    "nivel": 3,
    "pergunta": "O que é 'patrimônio cultural' na Sociologia?",
    "alternativas": [
      "Apenas bens materiais antigos.",
      "Bens materiais e imateriais que representam a identidade e história de um grupo social.",
      "Dinheiro e propriedades herdadas.",
      "Apenas obras de arte.",
      "Apenas o que é tombado por lei."
    ],
    "respostaCorreta": "Bens materiais e imateriais que representam a identidade e história de um grupo social."
  },
  {
    "id": 37,
    "materia": "Sociologia",
    "nivel": 4,
    "pergunta": "A 'teoria do conflito' em Sociologia enfatiza que:",
    "alternativas": [
      "A sociedade é harmoniosa por natureza.",
      "As normas sociais são sempre aceitas por todos.",
      "A sociedade é marcada por desigualdades e lutas por poder e recursos.",
      "Os indivíduos são isolados e não interagem.",
      "A cooperação é o único motor da mudança social."
    ],
    "respostaCorreta": "A sociedade é marcada por desigualdades e lutas por poder e recursos."
  },
  {
    "id": 38,
    "materia": "Sociologia",
    "nivel": 4,
    "pergunta": "Qual a crítica de Durkheim ao individualismo excessivo nas sociedades modernas?",
    "alternativas": [
      "Promove a solidariedade mecânica.",
      "Gera coesão social.",
      "Pode levar à anomia e à desintegração social.",
      "Fortalece os laços comunitários.",
      "Não tem impacto na sociedade."
    ],
    "respostaCorreta": "Pode levar à anomia e à desintegração social."
  },
  {
    "id": 39,
    "materia": "Sociologia",
    "nivel": 4,
    "pergunta": "Max Weber desenvolveu o conceito de 'tipo ideal'. Qual sua função na análise sociológica?",
    "alternativas": [
      "Descrever a realidade de forma exata.",
      "Criar uma categoria perfeita e inatingível.",
      "Ser uma ferramenta metodológica para comparar e analisar fenômenos sociais reais, destacando suas características essenciais.",
      "Prever o futuro da sociedade.",
      "Substituir a observação empírica."
    ],
    "respostaCorreta": "Ser uma ferramenta metodológica para comparar e analisar fenômenos sociais reais, destacando suas características essenciais."
  },
  {
    "id": 40,
    "materia": "Sociologia",
    "nivel": 4,
    "pergunta": "A 'alienação' em Marx refere-se à perda do controle do trabalhador sobre:",
    "alternativas": [
      "Seu tempo livre e suas escolhas pessoais.",
      "O produto de seu trabalho, o processo de trabalho e suas próprias capacidades humanas.",
      "Seus bens materiais e sua família.",
      "Suas crenças religiosas e políticas.",
      "Sua nacionalidade e sua língua."
    ],
    "respostaCorreta": "O produto de seu trabalho, o processo de trabalho e suas próprias capacidades humanas."
  },
  {
    "id": 41,
    "materia": "Sociologia",
    "nivel": 4,
    "pergunta": "Qual o significado de 'capital cultural' para Pierre Bourdieu?",
    "alternativas": [
      "Apenas dinheiro investido em cultura.",
      "O conjunto de conhecimentos, habilidades e disposições culturais que um indivíduo adquire e que podem ser convertidos em vantagens sociais.",
      "A capacidade de acumular riqueza.",
      "O poder político de uma pessoa.",
      "A quantidade de livros que alguém possui."
    ],
    "respostaCorreta": "O conjunto de conhecimentos, habilidades e disposições culturais que um indivíduo adquire e que podem ser convertidos em vantagens sociais."
  },
  {
    "id": 42,
    "materia": "Sociologia",
    "nivel": 4,
    "pergunta": "O que é 'instituição total' no sentido de Erving Goffman?",
    "alternativas": [
      "Qualquer instituição que oferece todos os serviços.",
      "Um local de residência e trabalho onde um grande número de indivíduos com status similar, isolados da sociedade mais ampla por um período considerável, levam uma vida fechada e administrada.",
      "Uma instituição que possui controle total sobre seus membros.",
      "Uma organização democrática e flexível.",
      "Um grupo de autoajuda."
    ],
    "respostaCorreta": "Um local de residência e trabalho onde um grande número de indivíduos com status similar, isolados da sociedade mais ampla por um período considerável, levam uma vida fechada e administrada."
  },
  {
    "id": 43,
    "materia": "Sociologia",
    "nivel": 4,
    "pergunta": "A Sociologia da Educação analisa as relações entre educação e sociedade. Qual a principal função da escola nessa perspectiva?",
    "alternativas": [
      "Apenas ensinar conteúdo acadêmico.",
      "Reproduzir as desigualdades sociais existentes, além de socializar os indivíduos.",
      "Eliminar todas as desigualdades sociais.",
      "Promover o caos e a desordem.",
      "Isolar os alunos da sociedade."
    ],
    "respostaCorreta": "Reproduzir as desigualdades sociais existentes, além de socializar os indivíduos."
  },
  {
    "id": 44,
    "materia": "Sociologia",
    "nivel": 4,
    "pergunta": "O conceito de 'sociedade de consumo' se refere a uma sociedade onde:",
    "alternativas": [
      "A produção é voltada exclusivamente para a subsistência.",
      "O consumo de bens e serviços se torna central para a identidade e o status social dos indivíduos.",
      "As pessoas produzem tudo o que consomem.",
      "O consumo é mínimo e essencial.",
      "Não há produção de bens."
    ],
    "respostaCorreta": "O consumo de bens e serviços se torna central para a identidade e o status social dos indivíduos."
  },
  {
    "id": 45,
    "materia": "Sociologia",
    "nivel": 4,
    "pergunta": "Qual a relevância do 'Estado' na Sociologia para Max Weber?",
    "alternativas": [
      "É irrelevante para a análise social.",
      "É uma instituição que detém o monopólio legítimo do uso da força física em um dado território.",
      "É apenas uma ferramenta da classe dominante.",
      "Deve ser abolido para a liberdade individual.",
      "Não exerce poder sobre os indivíduos."
    ],
    "respostaCorreta": "É uma instituição que detém o monopólio legítimo do uso da força física em um dado território."
  },
  {
    "id": 46,
    "materia": "Sociologia",
    "nivel": 4,
    "pergunta": "A globalização, como fenômeno social, implica em:",
    "alternativas": [
      "Um isolamento maior entre as nações.",
      "Aumento das fronteiras geográficas e culturais.",
      "Intensificação das relações sociais, econômicas, culturais e políticas em escala mundial.",
      "Diminuição da interdependência entre os países.",
      "Apenas a disseminação de informações locais."
    ],
    "respostaCorreta": "Intensificação das relações sociais, econômicas, culturais e políticas em escala mundial."
  },
  {
    "id": 47,
    "materia": "Sociologia",
    "nivel": 5,
    "pergunta": "Analise a diferença entre 'poder' e 'dominação' na concepção de Max Weber, destacando a importância da legitimidade.",
    "alternativas": [
      "São conceitos sinônimos e interligados.",
      "Poder é a capacidade de impor a própria vontade, enquanto dominação é o poder legitimado, aceito por aqueles que são dominados.",
      "Dominação é a capacidade de impor a própria vontade, e poder é o poder não legitimado.",
      "Poder é apenas econômico e dominação é apenas política.",
      "Nenhum dos dois conceitos envolve legitimidade."
    ],
    "respostaCorreta": "Poder é a capacidade de impor a própria vontade, enquanto dominação é o poder legitimado, aceito por aqueles que são dominados."
  },
  {
    "id": 48,
    "materia": "Sociologia",
    "nivel": 5,
    "pergunta": "Discorra sobre o conceito de 'hegemonia' em Antonio Gramsci, e como ele se diferencia da mera 'dominação'.",
    "alternativas": [
      "Hegemonia e dominação são termos que Gramsci usa indistintamente.",
      "Hegemonia é o controle coercitivo, enquanto dominação é o controle consensual.",
      "Hegemonia é a capacidade de uma classe social de exercer liderança moral, intelectual e política sobre a sociedade, obtendo consentimento, e não apenas o controle coercitivo (dominação).",
      "Dominação é o controle exercido pela cultura, e hegemonia é o controle pela força.",
      "Gramsci negava a existência de qualquer forma de controle social."
    ],
    "respostaCorreta": "Hegemonia é a capacidade de uma classe social de exercer liderança moral, intelectual e política sobre a sociedade, obtendo consentimento, e não apenas o controle coercitivo (dominação)."
  },
  {
    "id": 49,
    "materia": "Sociologia",
    "nivel": 5,
    "pergunta": "A teoria do 'capital social' (Bourdieu/Coleman/Putnam) enfatiza qual recurso?",
    "alternativas": [
      "Apenas a riqueza material.",
      "As redes de relações sociais e os recursos que podem ser acessados através delas (confiança, normas, informações).",
      "O conhecimento acadêmico formal.",
      "A capacidade física de um indivíduo.",
      "A religião e a espiritualidade."
    ],
    "respostaCorreta": "As redes de relações sociais e os recursos que podem ser acessados através delas (confiança, normas, informações)."
  },
  {
    "id": 50,
    "materia": "Sociologia",
    "nivel": 5,
    "pergunta": "Explique a relação entre 'estrutura' e 'ação' na Sociologia. Qual a perspectiva que busca integrar esses dois conceitos, superando o determinismo?",
    "alternativas": [
      "Estrutura e ação são conceitos opostos e irreconciliáveis.",
      "Apenas a estrutura determina a ação individual.",
      "Apenas a ação individual molda a estrutura social.",
      "A 'dualidade da estrutura' (Anthony Giddens) sugere que as estruturas sociais são tanto o meio quanto o resultado das ações individuais, reproduzindo-se através delas.",
      "A relação entre estrutura e ação é irrelevante para a Sociologia."
    ],
    "respostaCorreta": "A 'dualidade da estrutura' (Anthony Giddens) sugere que as estruturas sociais são tanto o meio quanto o resultado das ações individuais, reproduzindo-se através delas."
  },
  {
    "id": 51,
    "materia": "Sociologia",
    "nivel": 5,
    "pergunta": "A 'sociedade de risco' (Ulrich Beck) é caracterizada por:",
    "alternativas": [
      "Ausência total de riscos.",
      "Aumento da produção de riscos (ambientais, tecnológicos, sociais) que não podem ser atribuídos individualmente, mas afetam a todos, exigindo novas formas de gestão e responsabilidade coletiva.",
      "Riscos que são facilmente controláveis e previsíveis.",
      "Uma sociedade que evita qualquer tipo de risco.",
      "Riscos que só afetam minorias."
    ],
    "respostaCorreta": "Aumento da produção de riscos (ambientais, tecnológicos, sociais) que não podem ser atribuídos individualmente, mas afetam a todos, exigindo novas formas de gestão e responsabilidade coletiva."
  },
  {
    "id": 52,
    "materia": "Sociologia",
    "nivel": 5,
    "pergunta": "Como a Sociologia do Conhecimento (Berger e Luckmann) explica a construção social da realidade?",
    "alternativas": [
      "A realidade é inata e universal para todos os seres humanos.",
      "A realidade é objetiva e não é influenciada por interações sociais.",
      "A realidade é construída e mantida através das interações sociais e da linguagem, tornando-se objetiva para os indivíduos.",
      "A realidade é puramente subjetiva e não compartilhada.",
      "Apenas os cientistas constroem a realidade."
    ],
    "respostaCorreta": "A realidade é construída e mantida através das interações sociais e da linguagem, tornando-se objetiva para os indivíduos."
  },
  {
    "id": 53,
    "materia": "Sociologia",
    "nivel": 5,
    "pergunta": "A 'razão comunicativa' de Jürgen Habermas propõe:",
    "alternativas": [
      "Apenas o uso da razão instrumental para dominar a natureza.",
      "A busca de entendimento e consenso através do diálogo livre e racional, superando a distorção da comunicação.",
      "A imposição de ideias pela força.",
      "A comunicação como um meio de manipulação.",
      "A ausência de qualquer forma de comunicação."
    ],
    "respostaCorreta": "A busca de entendimento e consenso através do diálogo livre e racional, superando a distorção da comunicação."
  },
  {
    "id": 54,
    "materia": "Sociologia",
    "nivel": 5,
    "pergunta": "Qual a concepção sociológica mais ampla de 'cidadania', considerando suas diferentes dimensões (civil, política, social)?",
    "alternativas": [
      "Apenas o direito de votar e ser votado.",
      "Apenas o direito de ir e vir.",
      "O conjunto de direitos e deveres civis, políticos e sociais que permitem a plena participação do indivíduo na vida em sociedade, garantindo dignidade e igualdade.",
      "Apenas a posse de bens materiais.",
      "O cumprimento de todas as leis sem questionamento."
    ],
    "respostaCorreta": "O conjunto de direitos e deveres civis, políticos e sociais que permitem a plena participação do indivíduo na vida em sociedade, garantindo dignidade e igualdade."
  },
  {
    "id": 55,
    "materia": "Sociologia",
    "nivel": 5,
    "pergunta": "Analise o conceito de 'sociedade disciplinar' de Michel Foucault, e como ela se manifesta nas instituições modernas.",
    "alternativas": [
      "É uma sociedade sem regras ou controle.",
      "É uma sociedade baseada em punições físicas e cruéis.",
      "É uma sociedade onde o poder opera através de mecanismos sutis de vigilância, normalização e controle dos corpos e mentes, presente em instituições como escolas, hospitais e prisões.",
      "Foucault defendia uma sociedade totalmente livre de disciplina.",
      "A sociedade disciplinar existiu apenas na Idade Média."
    ],
    "respostaCorreta": "É uma sociedade onde o poder opera através de mecanismos sutis de vigilância, normalização e controle dos corpos e mentes, presente em instituições como escolas, hospitais e prisões."
  },
  {
    "id": 56,
    "materia": "Sociologia",
    "nivel": 5,
    "pergunta": "Qual a relação entre 'consumo' e 'identidade' nas sociedades contemporâneas, segundo a Sociologia?",
    "alternativas": [
      "O consumo é apenas uma necessidade básica e não tem relação com a identidade.",
      "A identidade é construída exclusivamente pela profissão do indivíduo.",
      "O consumo de bens e serviços tornou-se um meio fundamental para a construção e expressão da identidade individual e social, através da diferenciação e pertencimento a grupos.",
      "A identidade é predeterminada e imutável.",
      "A publicidade não tem impacto na identidade."
    ],
    "respostaCorreta": "O consumo de bens e serviços tornou-se um meio fundamental para a construção e expressão da identidade individual e social, através da diferenciação e pertencimento a grupos."
  }
]